<?xml version="1.0" encoding="UTF-8"?>
<project-private xmlns="http://www.netbeans.org/ns/project-private/1">
    <editor-bookmarks xmlns="http://www.netbeans.org/ns/editor-bookmarks/2" lastBookmarkId="0"/>
    <open-files xmlns="http://www.netbeans.org/ns/projectui-open-files/2">
        <group>
            <file>file:/C:/Users/aliso/OneDrive/Documents/NetBeansProjects/BodyBuilder/src/fronteira/personal/fichatreino/ModificarVisualizarFichaTreino.java</file>
            <file>file:/C:/Users/aliso/OneDrive/Documents/NetBeansProjects/BodyBuilder/src/fronteira/personal/treino/VisualizarTreinos.java</file>
            <file>file:/C:/Users/aliso/OneDrive/Documents/NetBeansProjects/BodyBuilder/src/fronteira/personal/aluno/FormularioVisualizarAvaliacaoFisicaAluno.java</file>
            <file>file:/C:/Users/aliso/OneDrive/Documents/NetBeansProjects/BodyBuilder/src/fronteira/personal/conta/FormularioCadastrarPersonal.java</file>
            <file>file:/C:/Users/aliso/OneDrive/Documents/NetBeansProjects/BodyBuilder/src/fronteira/personal/fichatreino/FormularioCadastrarFichaTreino.java</file>
            <file>file:/C:/Users/aliso/OneDrive/Documents/NetBeansProjects/BodyBuilder/src/fronteira/personal/aluno/FormularioCadastrarTreinoAluno.java</file>
            <file>file:/C:/Users/aliso/OneDrive/Documents/NetBeansProjects/BodyBuilder/src/fronteira/personal/exercicio/FormularioCadastrarExercicio.java</file>
            <file>file:/C:/Users/aliso/OneDrive/Documents/NetBeansProjects/BodyBuilder/src/fronteira/personal/exercicio/VisualizarExerciciosPersonal.java</file>
            <file>file:/C:/Users/aliso/OneDrive/Documents/NetBeansProjects/BodyBuilder/src/fronteira/personal/aluno/FormularioCadastrarAluno.java</file>
            <file>file:/C:/Users/aliso/OneDrive/Documents/NetBeansProjects/BodyBuilder/src/fronteira/personal/aluno/FormularioModificarVisualizarAnamnese.java</file>
            <file>file:/C:/Users/aliso/OneDrive/Documents/NetBeansProjects/BodyBuilder/src/fronteira/personal/MenuPersonal.java</file>
            <file>file:/C:/Users/aliso/OneDrive/Documents/NetBeansProjects/BodyBuilder/src/fronteira/personal/aluno/FormularioModificarFichaTreinoAluno.java</file>
            <file>file:/C:/Users/aliso/OneDrive/Documents/NetBeansProjects/BodyBuilder/src/fronteira/personal/aluno/FormularioFazerAvaliacaoFisicaAluno.java</file>
            <file>file:/C:/Users/aliso/OneDrive/Documents/NetBeansProjects/BodyBuilder/src/fronteira/personal/treino/FormularioModficarTreinoExercicios.java</file>
            <file>file:/C:/Users/aliso/OneDrive/Documents/NetBeansProjects/BodyBuilder/src/fronteira/personal/conta/FormularioEntrarPersonal.java</file>
            <file>file:/C:/Users/aliso/OneDrive/Documents/NetBeansProjects/BodyBuilder/src/fronteira/personal/treino/CadastrarTreinoExercicios.java</file>
            <file>file:/C:/Users/aliso/OneDrive/Documents/NetBeansProjects/BodyBuilder/src/fronteira/usuario/Principal.java</file>
            <file>file:/C:/Users/aliso/OneDrive/Documents/NetBeansProjects/BodyBuilder/src/fronteira/personal/aluno/VisualizarAlunos.java</file>
            <file>file:/C:/Users/aliso/OneDrive/Documents/NetBeansProjects/BodyBuilder/src/fronteira/personal/conta/FormularioModificarVisualizarContarPersonal.java</file>
            <file>file:/C:/Users/aliso/OneDrive/Documents/NetBeansProjects/BodyBuilder/src/fronteira/personal/aluno/MenuVisualizarAlunoPersonal.java</file>
            <file>file:/C:/Users/aliso/OneDrive/Documents/NetBeansProjects/BodyBuilder/src/fronteira/personal/fichatreino/VisualizarFichasTreinos.java</file>
        </group>
    </open-files>
</project-private>
